label_name,bbox_x,bbox_y,bbox_width,bbox_height,image_name,image_width,image_height
7,358,310,16,20,200039071373_parte_ALARMA.jpg,640,480
5,367,306,16,23,200039071373_parte_ALARMA.jpg,640,480
1,381,301,13,20,200039071373_parte_ALARMA.jpg,640,480
0,398,34,12,22,200039071373_parte_CAJA MASTER.jpg,640,480
3,413,34,10,22,200039071373_parte_CAJA MASTER.jpg,640,480
7,427,34,10,20,200039071373_parte_CAJA MASTER.jpg,640,480
0,436,34,14,21,200039071373_parte_CAJA MASTER.jpg,640,480
1,349,313,12,20,200039071373_parte_CARTON SEPARADOR.jpg,640,480
3,352,309,17,24,200039071373_parte_CARTON SEPARADOR.jpg,640,480
6,361,305,16,22,200039071373_parte_CARTON SEPARADOR.jpg,640,480
0,370,301,17,24,200039071373_parte_CARTON SEPARADOR.jpg,640,480
7,358,310,18,22,200039071373_parte_CONTENEDORA INDIVIDUAL.jpg,640,480
0,366,306,18,23,200039071373_parte_CONTENEDORA INDIVIDUAL.jpg,640,480
6,376,302,16,23,200039071373_parte_CONTENEDORA INDIVIDUAL.jpg,640,480
0,357,308,18,23,200039071373_parte_PAPEL PROTECTOR.jpg,640,480
9,367,304,16,23,200039071373_parte_PAPEL PROTECTOR.jpg,640,480
7,375,300,18,20,200039071373_parte_PAPEL PROTECTOR.jpg,640,480
0,357,310,18,23,200039071373_parte_STICKER TALLA.jpg,640,480
1,372,306,12,21,200039071373_parte_STICKER TALLA.jpg,640,480
6,375,302,18,23,200039071373_parte_STICKER TALLA.jpg,640,480
1,363,311,13,20,200039071373_parte_TAG STRAP.jpg,640,480
1,373,307,12,19,200039071373_parte_TAG STRAP.jpg,640,480
8,376,301,17,24,200039071373_parte_TAG STRAP.jpg,640,480
6,358,310,19,23,200039071373_parte_TAG X3.jpg,640,480
4,367,307,17,19,200039071373_parte_TAG X3.jpg,640,480
9,376,302,17,23,200039071373_parte_TAG X3.jpg,640,480
1,374,341,13,22,2000381338240_parte_BOLSA CONTENEDORA.jpg,640,480
2,379,337,17,25,2000381338240_parte_BOLSA CONTENEDORA.jpg,640,480
2,389,331,15,25,2000381338240_parte_BOLSA CONTENEDORA.jpg,640,480
8,397,328,18,25,2000381338240_parte_BOLSA CONTENEDORA.jpg,640,480
0,473,138,15,22,2000381338240_parte_CAJA MASTER.jpg,640,480
4,490,133,13,24,2000381338240_parte_CAJA MASTER.jpg,640,480
6,505,133,14,22,2000381338240_parte_CAJA MASTER.jpg,640,480
5,520,131,13,23,2000381338240_parte_CAJA MASTER.jpg,640,480
0,380,336,17,25,2000381338240_parte_GANCHO PLASTICO.jpg,640,480
3,389,332,17,24,2000381338240_parte_GANCHO PLASTICO.jpg,640,480
8,397,328,19,23,2000381338240_parte_GANCHO PLASTICO.jpg,640,480
0,379,336,18,24,2000381338240_parte_PLASTIFLECHA.jpg,640,480
0,389,332,16,24,2000381338240_parte_PLASTIFLECHA.jpg,640,480
0,398,328,16,25,2000381338240_parte_PLASTIFLECHA.jpg,640,480
4,379,336,17,22,2000381338240_parte_TARJETA CARTON.jpg,640,480
8,388,332,17,25,2000381338240_parte_TARJETA CARTON.jpg,640,480
7,397,327,18,22,2000381338240_parte_TARJETA CARTON.jpg,640,480
1,378,367,14,24,2000389180681_parte_AGARRADERA PLASTICA.jpg,640,480
3,383,362,19,27,2000389180681_parte_AGARRADERA PLASTICA.jpg,640,480
6,393,358,18,26,2000389180681_parte_AGARRADERA PLASTICA.jpg,640,480
1,361,377,13,25,2000389180681_parte_AUTO RAEE 1.jpg,640,480
6,366,373,18,27,2000389180681_parte_AUTO RAEE 1.jpg,640,480
3,375,368,19,27,2000389180681_parte_AUTO RAEE 1.jpg,640,480
6,386,363,19,27,2000389180681_parte_AUTO RAEE 1.jpg,640,480
7,396,359,18,23,2000389180681_parte_AUTO RAEE 1.jpg,640,480
1,359,377,14,25,2000389180681_parte_CAJA COLOR.jpg,640,480
1,369,372,13,24,2000389180681_parte_CAJA COLOR.jpg,640,480
9,374,367,19,28,2000389180681_parte_CAJA COLOR.jpg,640,480
6,384,362,18,27,2000389180681_parte_CAJA COLOR.jpg,640,480
2,394,357,18,27,2000389180681_parte_CAJA COLOR.jpg,640,480
0,470,143,10,18,2000389180681_parte_CAJA MASTER.jpg,640,480
8,482,142,12,18,2000389180681_parte_CAJA MASTER.jpg,640,480
4,494,142,10,18,2000389180681_parte_CAJA MASTER.jpg,640,480
5,505,142,8,19,2000389180681_parte_CAJA MASTER.jpg,640,480
8,365,372,18,28,2000389180681_parte_CARTON INTERIOR.jpg,640,480
5,376,368,19,27,2000389180681_parte_CARTON INTERIOR.jpg,640,480
4,386,364,19,23,2000389180681_parte_CARTON INTERIOR.jpg,640,480
5,395,359,19,26,2000389180681_parte_CARTON INTERIOR.jpg,640,480
5,365,372,19,29,2000389180681_parte_CONTROL RAEE 2.jpg,640,480
6,376,367,18,27,2000389180681_parte_CONTROL RAEE 2.jpg,640,480
4,386,364,19,23,2000389180681_parte_CONTROL RAEE 2.jpg,640,480
2,395,358,18,27,2000389180681_parte_CONTROL RAEE 2.jpg,640,480
5,375,367,20,27,2000389180681_parte_SOSTENEDORES PLASTICOS.jpg,640,480
3,386,363,19,27,2000389180681_parte_SOSTENEDORES PLASTICOS.jpg,640,480
4,395,359,21,23,2000389180681_parte_SOSTENEDORES PLASTICOS.jpg,640,480
1,381,367,15,24,2000389180681_parte_TORNILLOS SUJETADORES.jpg,640,480
3,385,363,19,27,2000389180681_parte_TORNILLOS SUJETADORES.jpg,640,480
3,396,358,18,27,2000389180681_parte_TORNILLOS SUJETADORES.jpg,640,480
1,368,372,14,24,2000389180681_parte_VENTANA PLASTICA.jpg,640,480
9,373,367,19,27,2000389180681_parte_VENTANA PLASTICA.jpg,640,480
5,383,363,19,26,2000389180681_parte_VENTANA PLASTICA.jpg,640,480
4,392,358,19,22,2000389180681_parte_VENTANA PLASTICA.jpg,640,480
3,414,264,21,26,2000389612878_parte_BOLSA CONTENEDORA.jpg,640,480
4,422,259,20,20,2000389612878_parte_BOLSA CONTENEDORA.jpg,640,480
7,430,254,20,20,2000389612878_parte_BOLSA CONTENEDORA.jpg,640,480
3,419,351,21,29,2000389612878_parte_BOLSA CONTENEDORA MASTER.jpg,640,480
7,428,345,22,25,2000389612878_parte_BOLSA CONTENEDORA MASTER.jpg,640,480
5,438,339,22,28,2000389612878_parte_BOLSA CONTENEDORA MASTER.jpg,640,480
5,448,332,21,29,2000389612878_parte_BOLSA CONTENEDORA MASTER.jpg,640,480
0,166,106,15,27,2000389612878_parte_CAJA MASTER.jpg,640,480
0,222,105,16,27,2000389612878_parte_CAJA MASTER.jpg,640,480
4,184,104,19,28,2000389612878_parte_CAJA MASTER.jpg,640,480
5,204,104,15,28,2000389612878_parte_CAJA MASTER.jpg,640,480
0,414,265,19,24,2000389612878_parte_ETIQUETA RFID.jpg,640,480
3,423,259,19,23,2000389612878_parte_ETIQUETA RFID.jpg,640,480
7,431,254,19,19,2000389612878_parte_ETIQUETA RFID.jpg,640,480
1,418,265,15,20,2000389612878_parte_GANCHO.jpg,640,480
3,423,259,19,23,2000389612878_parte_GANCHO.jpg,640,480
6,430,253,20,24,2000389612878_parte_GANCHO.jpg,640,480
1,432,271,15,22,2000389612878_parte_SEPARADOR CARTON.jpg,640,480
2,434,266,21,25,2000389612878_parte_SEPARADOR CARTON.jpg,640,480
7,444,260,20,22,2000389612878_parte_SEPARADOR CARTON.jpg,640,480
2,453,255,18,24,2000389612878_parte_SEPARADOR CARTON.jpg,640,480
6,414,265,21,25,2000389612878_parte_TARJETA CARTON.jpg,640,480
1,426,259,16,20,2000389612878_parte_TARJETA CARTON.jpg,640,480
2,431,253,18,24,2000389612878_parte_TARJETA CARTON.jpg,640,480
2,468,378,21,28,2000390795638_parte_BOLSA CONTENEDORA.jpg,640,480
9,477,372,21,26,2000390795638_parte_BOLSA CONTENEDORA.jpg,640,480
5,486,367,20,26,2000390795638_parte_BOLSA CONTENEDORA.jpg,640,480
8,495,361,20,26,2000390795638_parte_BOLSA CONTENEDORA.jpg,640,480
0,326,128,14,26,2000390795638_parte_CAJA MASTER.jpg,640,480
0,362,128,14,24,2000390795638_parte_CAJA MASTER.jpg,640,480
0,378,126,17,24,2000390795638_parte_CAJA MASTER.jpg,640,480
7,345,127,13,25,2000390795638_parte_CAJA MASTER.jpg,640,480
0,349,324,24,29,2000390795638_parte_ETIQUETA ADHESIVA.jpg,640,480
3,358,316,22,28,2000390795638_parte_ETIQUETA ADHESIVA.jpg,640,480
5,367,308,22,27,2000390795638_parte_ETIQUETA ADHESIVA.jpg,640,480
5,348,324,25,28,2000390795638_parte_GANCHO.jpg,640,480
0,357,317,24,26,2000390795638_parte_GANCHO.jpg,640,480
6,367,308,23,27,2000390795638_parte_GANCHO.jpg,640,480
1,345,331,18,24,2000390795638_parte_SEPARADOR CARTON.jpg,640,480
9,349,325,23,26,2000390795638_parte_SEPARADOR CARTON.jpg,640,480
2,358,316,23,27,2000390795638_parte_SEPARADOR CARTON.jpg,640,480
6,367,309,23,26,2000390795638_parte_SEPARADOR CARTON.jpg,640,480
0,348,325,25,27,2000390795638_parte_TAG.jpg,640,480
4,358,317,23,21,2000390795638_parte_TAG.jpg,640,480
7,366,309,23,22,2000390795638_parte_TAG.jpg,640,480
1,354,324,18,23,2000390795638_parte_TAG STRAP METALICO.jpg,640,480
1,364,316,17,23,2000390795638_parte_TAG STRAP METALICO.jpg,640,480
2,367,308,23,28,2000390795638_parte_TAG STRAP METALICO.jpg,640,480
6,403,314,23,27,2000390795638_parte_TARJETA CARTON.jpg,640,480
6,413,307,22,27,2000390795638_parte_TARJETA CARTON.jpg,640,480
6,421,299,21,27,2000390795638_parte_TARJETA CARTON.jpg,640,480
1,402,284,15,20,2000391137628_parte_BOLSA CONTENEDORA.jpg,640,480
1,411,278,13,20,2000391137628_parte_BOLSA CONTENEDORA.jpg,640,480
1,419,274,14,19,2000391137628_parte_BOLSA CONTENEDORA.jpg,640,480
1,427,268,15,20,2000391137628_parte_BOLSA CONTENEDORA.jpg,640,480
0,210,147,13,23,2000391137628_parte_CAJA MASTER.jpg,640,480
0,245,144,14,24,2000391137628_parte_CAJA MASTER.jpg,640,480
5,261,143,14,24,2000391137628_parte_CAJA MASTER.jpg,640,480
6,226,146,16,24,2000391137628_parte_CAJA MASTER.jpg,640,480
2,396,283,19,25,2000391137628_parte_COLGADOR.jpg,640,480
3,405,279,16,22,2000391137628_parte_COLGADOR.jpg,640,480
8,413,273,17,24,2000391137628_parte_COLGADOR.jpg,640,480
1,425,270,14,18,2000391137628_parte_COLGADOR.jpg,640,480
0,404,279,20,22,2000391137628_parte_PAPEL PROTECTOR.jpg,640,480
5,412,273,20,23,2000391137628_parte_PAPEL PROTECTOR.jpg,640,480
6,421,268,19,23,2000391137628_parte_PAPEL PROTECTOR.jpg,640,480
0,404,279,19,22,2000391137628_parte_SEGURO TAG STRAP.jpg,640,480
2,413,274,18,21,2000391137628_parte_SEGURO TAG STRAP.jpg,640,480
9,421,268,18,24,2000391137628_parte_SEGURO TAG STRAP.jpg,640,480
1,402,283,13,21,2000391137628_parte_SEPARADOR CARTON.jpg,640,480
2,406,279,18,22,2000391137628_parte_SEPARADOR CARTON.jpg,640,480
3,415,273,18,23,2000391137628_parte_SEPARADOR CARTON.jpg,640,480
7,424,268,19,20,2000391137628_parte_SEPARADOR CARTON.jpg,640,480
0,404,278,19,23,2000391137628_parte_STICKER OFERTA.jpg,640,480
1,418,274,13,19,2000391137628_parte_STICKER OFERTA.jpg,640,480
5,422,268,19,22,2000391137628_parte_STICKER OFERTA.jpg,640,480
4,406,278,18,19,2000391137628_parte_SUJETADOR X2.jpg,640,480
3,415,273,17,22,2000391137628_parte_SUJETADOR X2.jpg,640,480
0,423,268,18,22,2000391137628_parte_SUJETADOR X2.jpg,640,480
0,404,279,19,23,2000391137628_parte_TAG STRAP.jpg,640,480
1,417,273,13,20,2000391137628_parte_TAG STRAP.jpg,640,480
6,421,268,18,22,2000391137628_parte_TAG STRAP.jpg,640,480
4,404,278,17,20,2000391137628_parte_TAG X3.jpg,640,480
7,412,273,20,18,2000391137628_parte_TAG X3.jpg,640,480
3,421,267,19,24,2000391137628_parte_TAG X3.jpg,640,480
7,411,266,24,23,2000391813577_parte_BOLSA CONTENEDORA.jpg,640,480
5,420,260,25,26,2000391813577_parte_BOLSA CONTENEDORA.jpg,640,480
8,429,256,24,24,2000391813577_parte_BOLSA CONTENEDORA.jpg,640,480
0,241,46,15,26,2000391813577_parte_CAJA MASTER.jpg,640,480
4,258,46,16,25,2000391813577_parte_CAJA MASTER.jpg,640,480
1,285,46,6,25,2000391813577_parte_CAJA MASTER.jpg,640,480
5,294,45,15,25,2000391813577_parte_CAJA MASTER.jpg,640,480
9,411,265,24,27,2000391813577_parte_COLGADOR.jpg,640,480
8,421,260,22,26,2000391813577_parte_COLGADOR.jpg,640,480
6,430,255,23,26,2000391813577_parte_COLGADOR.jpg,640,480
0,412,264,22,27,2000391813577_parte_PLASTIFLECHA.jpg,640,480
0,421,260,21,26,2000391813577_parte_PLASTIFLECHA.jpg,640,480
6,430,255,22,26,2000391813577_parte_PLASTIFLECHA.jpg,640,480
2,412,265,22,28,2000391813577_parte_TAGS.jpg,640,480
3,421,260,23,26,2000391813577_parte_TAGS.jpg,640,480
3,430,255,22,26,2000391813577_parte_TAGS.jpg,640,480
1,426,317,18,29,2000391982075_parte_CAJA COLOR.jpg,640,480
7,433,312,23,28,2000391982075_parte_CAJA COLOR.jpg,640,480
6,445,306,23,31,2000391982075_parte_CAJA COLOR.jpg,640,480
8,456,301,24,31,2000391982075_parte_CAJA COLOR.jpg,640,480
6,469,295,23,32,2000391982075_parte_CAJA COLOR.jpg,640,480
0,277,109,13,22,2000391982075_parte_CAJA MASTER.jpg,640,480
5,292,106,13,22,2000391982075_parte_CAJA MASTER.jpg,640,480
4,309,106,13,22,2000391982075_parte_CAJA MASTER.jpg,640,480
0,323,105,12,23,2000391982075_parte_CAJA MASTER.jpg,640,480
1,434,311,18,28,2000391982075_parte_FILLER PULPA.jpg,640,480
5,438,306,25,31,2000391982075_parte_FILLER PULPA.jpg,640,480
1,459,300,17,27,2000391982075_parte_FILLER PULPA.jpg,640,480
7,464,294,23,28,2000391982075_parte_FILLER PULPA.jpg,640,480
7,442,304,24,29,2000391982075_parte_PAPEL PROTECTOR.jpg,640,480
5,455,300,23,32,2000391982075_parte_PAPEL PROTECTOR.jpg,640,480
4,466,295,24,29,2000391982075_parte_PAPEL PROTECTOR.jpg,640,480
4,444,305,22,29,2000391982075_parte_SACO SILICA.jpg,640,480
8,456,300,23,31,2000391982075_parte_SACO SILICA.jpg,640,480
6,467,295,23,32,2000391982075_parte_SACO SILICA.jpg,640,480
0,443,304,22,34,2000391982075_parte_STRAP CAJA.jpg,640,480
9,456,300,22,32,2000391982075_parte_STRAP CAJA.jpg,640,480
0,467,295,22,31,2000391982075_parte_STRAP CAJA.jpg,640,480
0,441,303,25,33,2000391982075_parte_TAG STRAP.jpg,640,480
3,455,299,22,32,2000391982075_parte_TAG STRAP.jpg,640,480
7,466,292,24,30,2000391982075_parte_TAG STRAP.jpg,640,480
3,442,303,23,34,2000391982075_parte_TAGS X3.jpg,640,480
9,454,299,22,33,2000391982075_parte_TAGS X3.jpg,640,480
2,466,294,24,31,2000391982075_parte_TAGS X3.jpg,640,480
5,363,241,23,26,2000392261049_parte_BOLSA CONTENEDORA.jpg,640,480
0,374,235,22,26,2000392261049_parte_BOLSA CONTENEDORA.jpg,640,480
2,382,228,22,28,2000392261049_parte_BOLSA CONTENEDORA.jpg,640,480
0,210,20,12,18,2000392261049_parte_CAJA MASTER.jpg,640,480
5,224,20,10,18,2000392261049_parte_CAJA MASTER.jpg,640,480
2,234,20,11,19,2000392261049_parte_CAJA MASTER.jpg,640,480
2,247,20,8,18,2000392261049_parte_CAJA MASTER.jpg,640,480
0,363,241,22,27,2000392261049_parte_CLIP DE SEGURIDAD.jpg,640,480
1,378,235,17,23,2000392261049_parte_CLIP DE SEGURIDAD.jpg,640,480
1,388,231,17,22,2000392261049_parte_CLIP DE SEGURIDAD.jpg,640,480
0,211,22,11,17,2000392261049_parte_ETIQUETA MASTER.jpg,640,480
5,224,20,10,18,2000392261049_parte_ETIQUETA MASTER.jpg,640,480
2,235,20,10,18,2000392261049_parte_ETIQUETA MASTER.jpg,640,480
5,246,20,9,16,2000392261049_parte_ETIQUETA MASTER.jpg,640,480
0,364,241,23,27,2000392261049_parte_TAG STRAP.jpg,640,480
2,374,236,22,27,2000392261049_parte_TAG STRAP.jpg,640,480
0,384,230,22,27,2000392261049_parte_TAG STRAP.jpg,640,480
2,364,241,23,27,2000392261049_parte_TAGS X2.jpg,640,480
4,375,235,22,23,2000392261049_parte_TAGS X2.jpg,640,480
1,389,230,17,22,2000392261049_parte_TAGS X2.jpg,640,480
0,455,329,24,32,2000392261339_parte_ALFILER GANCHO.jpg,640,480
1,473,325,18,26,2000392261339_parte_ALFILER GANCHO.jpg,640,480
2,478,320,22,29,2000392261339_parte_ALFILER GANCHO.jpg,640,480
4,454,330,25,27,2000392261339_parte_BOLSA CONTENEDORA.jpg,640,480
3,466,323,24,31,2000392261339_parte_BOLSA CONTENEDORA.jpg,640,480
7,477,318,23,26,2000392261339_parte_BOLSA CONTENEDORA.jpg,640,480
0,238,52,9,17,2000392261339_parte_CAJA MASTER.jpg,640,480
5,250,53,9,15,2000392261339_parte_CAJA MASTER.jpg,640,480
2,260,52,11,18,2000392261339_parte_CAJA MASTER.jpg,640,480
0,272,51,11,18,2000392261339_parte_CAJA MASTER.jpg,640,480
0,426,327,24,30,2000392261339_parte_TAG STRAP.jpg,640,480
1,445,320,17,27,2000392261339_parte_TAG STRAP.jpg,640,480
9,449,315,23,30,2000392261339_parte_TAG STRAP.jpg,640,480
2,427,327,24,31,2000392261339_parte_TAGS X2.jpg,640,480
4,439,322,23,26,2000392261339_parte_TAGS X2.jpg,640,480
2,448,315,23,29,2000392261339_parte_TAGS X2.jpg,640,480
4,363,358,23,26,2000392261971_parte_BOLSA CONTENEDORA.jpg,640,480
2,375,352,22,29,2000392261971_parte_BOLSA CONTENEDORA.jpg,640,480
3,386,346,21,29,2000392261971_parte_BOLSA CONTENEDORA.jpg,640,480
2,398,341,19,28,2000392261971_parte_BOLSA CONTENEDORA.jpg,640,480
0,237,44,9,16,2000392261971_parte_CAJA MASTER.jpg,640,480
5,249,43,9,17,2000392261971_parte_CAJA MASTER.jpg,640,480
2,260,43,9,17,2000392261971_parte_CAJA MASTER.jpg,640,480
5,271,42,9,18,2000392261971_parte_CAJA MASTER.jpg,640,480
0,373,351,24,30,2000392261971_parte_GANCHO PLASTICO.jpg,640,480
7,384,346,23,25,2000392261971_parte_GANCHO PLASTICO.jpg,640,480
0,395,340,22,28,2000392261971_parte_GANCHO PLASTICO.jpg,640,480
1,371,358,16,25,2000392261971_parte_TARJETA CARTON.jpg,640,480
1,381,353,17,25,2000392261971_parte_TARJETA CARTON.jpg,640,480
9,387,346,21,29,2000392261971_parte_TARJETA CARTON.jpg,640,480
8,395,340,22,29,2000392261971_parte_TARJETA CARTON.jpg,640,480
7,428,306,18,21,2000392526933_parte_ALARMA.jpg,640,480
4,439,302,17,21,2000392526933_parte_ALARMA.jpg,640,480
7,448,298,17,21,2000392526933_parte_ALARMA.jpg,640,480
0,441,101,12,21,2000392526933_parte_CAJA MASTER.jpg,640,480
4,456,101,12,20,2000392526933_parte_CAJA MASTER.jpg,640,480
7,473,101,9,20,2000392526933_parte_CAJA MASTER.jpg,640,480
0,482,102,14,18,2000392526933_parte_CAJA MASTER.jpg,640,480
3,430,305,17,25,2000392526933_parte_GANCHO PLASTICO.jpg,640,480
1,444,301,12,22,2000392526933_parte_GANCHO PLASTICO.jpg,640,480
4,449,299,16,20,2000392526933_parte_GANCHO PLASTICO.jpg,640,480
0,430,304,17,24,2000392526933_parte_PAPEL SEPARADOR.jpg,640,480
3,440,301,17,24,2000392526933_parte_PAPEL SEPARADOR.jpg,640,480
1,454,297,11,21,2000392526933_parte_PAPEL SEPARADOR.jpg,640,480
3,379,299,18,25,2000392526933_parte_PAQUETE CONTENEDOR.jpg,640,480
1,395,295,12,20,2000392526933_parte_PAQUETE CONTENEDOR.jpg,640,480
3,399,291,16,23,2000392526933_parte_PAQUETE CONTENEDOR.jpg,640,480
6,407,287,17,23,2000392526933_parte_PAQUETE CONTENEDOR.jpg,640,480
2,421,308,16,25,2000392526933_parte_SEPARADOR CARTON.jpg,640,480
3,430,304,16,24,2000392526933_parte_SEPARADOR CARTON.jpg,640,480
6,439,301,18,24,2000392526933_parte_SEPARADOR CARTON.jpg,640,480
4,448,298,17,21,2000392526933_parte_SEPARADOR CARTON.jpg,640,480
0,430,305,17,24,2000392526933_parte_TAG STRAP.jpg,640,480
1,444,302,12,21,2000392526933_parte_TAG STRAP.jpg,640,480
9,449,300,17,22,2000392526933_parte_TAG STRAP.jpg,640,480
2,431,305,16,24,2000392526933_parte_TAGS X2.jpg,640,480
5,440,300,16,25,2000392526933_parte_TAGS X2.jpg,640,480
8,449,297,16,24,2000392526933_parte_TAGS X2.jpg,640,480
0,350,364,17,26,2000392721840_parte_ALFILER GANCHO.jpg,640,480
1,366,361,12,23,2000392721840_parte_ALFILER GANCHO.jpg,640,480
4,373,358,15,22,2000392721840_parte_ALFILER GANCHO.jpg,640,480
1,488,292,5,10,2000392721840_parte_CAJA MASTER.jpg,640,480
6,492,292,8,10,2000392721840_parte_CAJA MASTER.jpg,640,480
0,500,294,8,10,2000392721840_parte_CAJA MASTER.jpg,640,480
5,508,295,7,11,2000392721840_parte_CAJA MASTER.jpg,640,480
3,340,369,16,26,2000392721840_parte_COLGADOR.jpg,640,480
8,350,365,17,26,2000392721840_parte_COLGADOR.jpg,640,480
3,360,360,17,27,2000392721840_parte_COLGADOR.jpg,640,480
0,372,357,16,25,2000392721840_parte_COLGADOR.jpg,640,480
3,340,368,18,27,2000392721840_parte_CONTENEDORA INDIVIDUAL.jpg,640,480
2,350,365,17,25,2000392721840_parte_CONTENEDORA INDIVIDUAL.jpg,640,480
8,361,359,16,27,2000392721840_parte_CONTENEDORA INDIVIDUAL.jpg,640,480
8,371,357,17,25,2000392721840_parte_CONTENEDORA INDIVIDUAL.jpg,640,480
0,351,366,17,25,2000392721840_parte_TAG STRAP.jpg,640,480
2,361,360,16,26,2000392721840_parte_TAG STRAP.jpg,640,480
5,371,356,17,26,2000392721840_parte_TAG STRAP.jpg,640,480
4,350,367,18,21,2000392721840_parte_TAGS X3.jpg,640,480
2,361,360,16,27,2000392721840_parte_TAGS X3.jpg,640,480
8,370,356,17,26,2000392721840_parte_TAGS X3.jpg,640,480
2,410,375,17,28,2000392775980_parte_BOLSA CONTENEDORA.jpg,640,480
3,421,371,16,28,2000392775980_parte_BOLSA CONTENEDORA.jpg,640,480
7,430,368,19,25,2000392775980_parte_BOLSA CONTENEDORA.jpg,640,480
1,444,364,13,23,2000392775980_parte_BOLSA CONTENEDORA.jpg,640,480
1,476,214,4,14,2000392775980_parte_CAJA MASTER.jpg,640,480
2,482,214,10,15,2000392775980_parte_CAJA MASTER.jpg,640,480
1,495,215,6,15,2000392775980_parte_CAJA MASTER.jpg,640,480
0,502,215,8,15,2000392775980_parte_CAJA MASTER.jpg,640,480
0,189,124,17,26,2000392850540_parte_CAJA MASTER.jpg,640,480
4,209,123,16,25,2000392850540_parte_CAJA MASTER.jpg,640,480
1,236,121,8,27,2000392850540_parte_CAJA MASTER.jpg,640,480
0,246,121,16,26,2000392850540_parte_CAJA MASTER.jpg,640,480
0,387,233,22,25,2000392850540_parte_PAPEL PROTECTOR.jpg,640,480
3,398,227,20,24,2000392850540_parte_PAPEL PROTECTOR.jpg,640,480
5,405,220,21,24,2000392850540_parte_PAPEL PROTECTOR.jpg,640,480
6,450,392,21,31,2000392850540_parte_SEPARADOR CARTON.jpg,640,480
1,463,387,17,23,2000392850540_parte_SEPARADOR CARTON.jpg,640,480
3,466,381,21,28,2000392850540_parte_SEPARADOR CARTON.jpg,640,480
0,386,231,23,26,2000392850540_parte_STICKER TALLA.jpg,640,480
1,400,224,18,22,2000392850540_parte_STICKER TALLA.jpg,640,480
8,404,217,22,26,2000392850540_parte_STICKER TALLA.jpg,640,480
0,447,118,9,16,2000392912989_parte_CAJA INNER.jpg,640,480
1,462,117,4,16,2000392912989_parte_CAJA INNER.jpg,640,480
8,469,116,8,16,2000392912989_parte_CAJA INNER.jpg,640,480
0,479,116,9,14,2000392912989_parte_CAJA INNER.jpg,640,480
0,443,177,11,16,2000392912989_parte_CAJA MASTER.jpg,640,480
5,455,177,9,17,2000392912989_parte_CAJA MASTER.jpg,640,480
6,466,178,9,15,2000392912989_parte_CAJA MASTER.jpg,640,480
5,477,177,8,17,2000392912989_parte_CAJA MASTER.jpg,640,480
1,465,77,6,17,2000393516896_parte_CAJA MASTER.jpg,640,480
6,474,76,10,19,2000393516896_parte_CAJA MASTER.jpg,640,480
1,494,76,7,19,2000393516896_parte_CAJA MASTER.jpg,640,480
0,501,76,11,19,2000393516896_parte_CAJA MASTER.jpg,640,480
0,397,172,11,18,2000395039188_parte_CAJA MASTER.jpg,640,480
9,410,170,11,19,2000395039188_parte_CAJA MASTER.jpg,640,480
9,425,170,10,18,2000395039188_parte_CAJA MASTER.jpg,640,480
0,436,168,11,19,2000395039188_parte_CAJA MASTER.jpg,640,480
0,433,198,13,19,2000395039188_parte_PDQ INTERIOR.jpg,640,480
5,449,195,11,20,2000395039188_parte_PDQ INTERIOR.jpg,640,480
4,463,193,11,19,2000395039188_parte_PDQ INTERIOR.jpg,640,480
0,476,190,12,21,2000395039188_parte_PDQ INTERIOR.jpg,640,480
0,482,220,15,18,2000395409547_parte_CAJA MASTER.jpg,640,480
7,501,219,11,18,2000395409547_parte_CAJA MASTER.jpg,640,480
4,514,217,11,19,2000395409547_parte_CAJA MASTER.jpg,640,480
0,525,216,15,19,2000395409547_parte_CAJA MASTER.jpg,640,480
1,523,83,7,23,2000395409547_parte_PRODUCTO RAEE.jpg,640,480
8,530,82,15,22,2000395409547_parte_PRODUCTO RAEE.jpg,640,480
0,546,79,12,22,2000395409547_parte_PRODUCTO RAEE.jpg,640,480
5,561,77,12,22,2000395409547_parte_PRODUCTO RAEE.jpg,640,480
0,212,114,14,21,2000395493751_parte_CAJA MASTER.jpg,640,480
6,228,111,15,23,2000395493751_parte_CAJA MASTER.jpg,640,480
6,244,110,14,22,2000395493751_parte_CAJA MASTER.jpg,640,480
5,261,109,13,21,2000395493751_parte_CAJA MASTER.jpg,640,480
0,198,46,19,29,2000395493751_parte_SEPARADORES CARTON.jpg,640,480
2,218,44,19,31,2000395493751_parte_SEPARADORES CARTON.jpg,640,480
4,241,43,18,30,2000395493751_parte_SEPARADORES CARTON.jpg,640,480
0,261,41,20,30,2000395493751_parte_SEPARADORES CARTON.jpg,640,480
0,431,122,15,18,2000395843334_parte_CAJA MASTER.jpg,640,480
7,449,120,9,19,2000395843334_parte_CAJA MASTER.jpg,640,480
8,459,120,14,19,2000395843334_parte_CAJA MASTER.jpg,640,480
5,473,120,11,19,2000395843334_parte_CAJA MASTER.jpg,640,480
0,444,20,11,21,2000395843334_parte_SEPARADORES CARTON.jpg,640,480
2,459,20,13,20,2000395843334_parte_SEPARADORES CARTON.jpg,640,480
9,475,19,11,20,2000395843334_parte_SEPARADORES CARTON.jpg,640,480
0,488,19,11,21,2000395843334_parte_SEPARADORES CARTON.jpg,640,480
1,502,256,6,16,2000396082206_parte_CAJA MASTER.jpg,640,480
2,509,256,11,16,2000396082206_parte_CAJA MASTER.jpg,640,480
6,521,255,10,16,2000396082206_parte_CAJA MASTER.jpg,640,480
5,533,256,11,16,2000396082206_parte_CAJA MASTER.jpg,640,480
1,431,214,6,15,2000396119544_parte_CAJA MASTER.jpg,640,480
4,438,214,10,15,2000396119544_parte_CAJA MASTER.jpg,640,480
2,448,214,10,15,2000396119544_parte_CAJA MASTER.jpg,640,480
0,459,213,10,16,2000396119544_parte_CAJA MASTER.jpg,640,480
0,139,56,17,26,2000396152947_parte_CAJA MASTER.jpg,640,480
6,159,54,18,28,2000396152947_parte_CAJA MASTER.jpg,640,480
2,179,53,18,27,2000396152947_parte_CAJA MASTER.jpg,640,480
5,198,50,17,29,2000396152947_parte_CAJA MASTER.jpg,640,480
0,280,119,15,21,2000396152985_parte_CAJA MASTER.jpg,640,480
3,298,119,12,21,2000396152985_parte_CAJA MASTER.jpg,640,480
3,316,118,12,21,2000396152985_parte_CAJA MASTER.jpg,640,480
5,332,117,13,22,2000396152985_parte_CAJA MASTER.jpg,640,480
0,445,38,13,19,2000396215123_parte_CAJA MASTER.jpg,640,480
8,460,38,15,19,2000396215123_parte_CAJA MASTER.jpg,640,480
3,478,38,11,19,2000396215123_parte_CAJA MASTER.jpg,640,480
0,490,38,11,20,2000396215123_parte_CAJA MASTER.jpg,640,480
1,456,158,5,16,2000396268396_parte_CAJA MASTER.jpg,640,480
2,463,156,11,17,2000396268396_parte_CAJA MASTER.jpg,640,480
9,475,155,11,17,2000396268396_parte_CAJA MASTER.jpg,640,480
0,486,153,11,17,2000396268396_parte_CAJA MASTER.jpg,640,480
1,276,113,7,23,2000396285850_parte_CAJA MASTER.jpg,640,480
1,294,111,8,23,2000396285850_parte_CAJA MASTER.jpg,640,480
1,313,112,7,22,2000396285850_parte_CAJA MASTER.jpg,640,480
0,322,110,15,24,2000396285850_parte_CAJA MASTER.jpg,640,480
1,461,161,5,16,2000396517746_parte_CAJA MASTER.jpg,640,480
1,475,161,5,16,2000396517746_parte_CAJA MASTER.jpg,640,480
1,488,160,3,18,2000396517746_parte_CAJA MASTER.jpg,640,480
0,494,160,9,17,2000396517746_parte_CAJA MASTER.jpg,640,480
2,350,249,17,22,2000396517746_parte_SEPARADORES CARTON.jpg,640,480
2,358,245,16,22,2000396517746_parte_SEPARADORES CARTON.jpg,640,480
9,366,241,17,22,2000396517746_parte_SEPARADORES CARTON.jpg,640,480
6,375,236,16,22,2000396517746_parte_SEPARADORES CARTON.jpg,640,480
0,420,273,24,30,2000396544117_parte_PAPEL PROTECTOR.jpg,640,480
4,433,269,22,26,2000396544117_parte_PAPEL PROTECTOR.jpg,640,480
9,445,262,21,32,2000396544117_parte_PAPEL PROTECTOR.jpg,640,480
2,410,279,22,31,2000396544117_parte_SEPARADOR CARTON.jpg,640,480
9,422,273,22,31,2000396544117_parte_SEPARADOR CARTON.jpg,640,480
7,433,267,24,29,2000396544117_parte_SEPARADOR CARTON.jpg,640,480
4,446,262,22,27,2000396544117_parte_SEPARADOR CARTON.jpg,640,480
2,459,385,25,32,2000396544117_parte_SEPARADOR CARTON 2.jpg,640,480
9,470,380,24,30,2000396544117_parte_SEPARADOR CARTON 2.jpg,640,480
6,479,374,25,31,2000396544117_parte_SEPARADOR CARTON 2.jpg,640,480
5,491,368,24,31,2000396544117_parte_SEPARADOR CARTON 2.jpg,640,480
0,290,34,10,15,2000396561138_parte_CAJA MASTER.jpg,640,480
5,301,32,9,15,2000396561138_parte_CAJA MASTER.jpg,640,480
7,314,31,7,15,2000396561138_parte_CAJA MASTER.jpg,640,480
5,322,31,9,15,2000396561138_parte_CAJA MASTER.jpg,640,480
0,353,303,23,26,2000396561138_parte_PAPEL SEPARADOR.jpg,640,480
5,363,297,21,25,2000396561138_parte_PAPEL SEPARADOR.jpg,640,480
9,371,293,21,23,2000396561138_parte_PAPEL SEPARADOR.jpg,640,480
0,201,136,12,20,2000396572004_parte_CAJA MASTER.jpg,640,480
8,216,134,13,21,2000396572004_parte_CAJA MASTER.jpg,640,480
8,231,134,12,21,2000396572004_parte_CAJA MASTER.jpg,640,480
0,246,132,13,23,2000396572004_parte_CAJA MASTER.jpg,640,480
0,386,124,11,17,2000396585929_parte_CAJA MASTER.jpg,640,480
9,399,121,11,17,2000396585929_parte_CAJA MASTER.jpg,640,480
8,413,120,10,17,2000396585929_parte_CAJA MASTER.jpg,640,480
0,425,118,11,17,2000396585929_parte_CAJA MASTER.jpg,640,480
0,349,76,15,24,2000396585929_parte_CARTON INTERIOR.jpg,640,480
0,366,74,15,23,2000396585929_parte_CARTON INTERIOR.jpg,640,480
9,387,71,15,25,2000396585929_parte_CARTON INTERIOR.jpg,640,480
5,405,68,15,25,2000396585929_parte_CARTON INTERIOR.jpg,640,480
0,464,165,11,17,2000396586131_parte_CAJA MASTER.jpg,640,480
9,476,164,9,16,2000396586131_parte_CAJA MASTER.jpg,640,480
6,487,164,9,16,2000396586131_parte_CAJA MASTER.jpg,640,480
0,498,163,10,17,2000396586131_parte_CAJA MASTER.jpg,640,480
0,261,105,15,23,2000396629449_parte_CAJA MASTER.jpg,640,480
5,278,103,13,23,2000396629449_parte_CAJA MASTER.jpg,640,480
2,295,102,15,24,2000396629449_parte_CAJA MASTER.jpg,640,480
5,312,100,15,22,2000396629449_parte_CAJA MASTER.jpg,640,480
0,309,169,14,21,2000396640000_parte_CAJA MASTER.jpg,640,480
9,326,168,13,20,2000396640000_parte_CAJA MASTER.jpg,640,480
5,343,167,11,20,2000396640000_parte_CAJA MASTER.jpg,640,480
0,358,166,13,19,2000396640000_parte_CAJA MASTER.jpg,640,480
4,467,354,22,22,2000396640000_parte_SEPARADOR CARTON.jpg,640,480
8,477,347,21,27,2000396640000_parte_SEPARADOR CARTON.jpg,640,480
1,493,344,14,22,2000396640000_parte_SEPARADOR CARTON.jpg,640,480
0,435,176,11,16,2000396766397_parte_CAJA MASTER.jpg,640,480
7,451,177,8,15,2000396766397_parte_CAJA MASTER.jpg,640,480
4,462,177,11,15,2000396766397_parte_CAJA MASTER.jpg,640,480
0,473,176,11,16,2000396766397_parte_CAJA MASTER.jpg,640,480
0,283,56,16,24,2000396830531_parte_CAJA MASTER.jpg,640,480
5,301,53,16,26,2000396830531_parte_CAJA MASTER.jpg,640,480
5,320,51,14,26,2000396830531_parte_CAJA MASTER.jpg,640,480
5,337,48,14,27,2000396830531_parte_CAJA MASTER.jpg,640,480
0,282,56,15,26,2000396830531_parte_SEPARADOR CARTON.jpg,640,480
2,299,53,16,26,2000396830531_parte_SEPARADOR CARTON.jpg,640,480
7,322,52,13,23,2000396830531_parte_SEPARADOR CARTON.jpg,640,480
5,336,49,15,26,2000396830531_parte_SEPARADOR CARTON.jpg,640,480
0,264,82,17,25,2000396830852_parte_SEPARADORES CARTON.jpg,640,480
2,283,81,15,25,2000396830852_parte_SEPARADORES CARTON.jpg,640,480
1,313,81,6,24,2000396830852_parte_SEPARADORES CARTON.jpg,640,480
5,322,79,15,24,2000396830852_parte_SEPARADORES CARTON.jpg,640,480
0,337,124,15,22,2000396924612_parte_CAJA MASTER.jpg,640,480
7,357,123,10,21,2000396924612_parte_CAJA MASTER.jpg,640,480
2,370,121,14,22,2000396924612_parte_CAJA MASTER.jpg,640,480
5,387,121,13,21,2000396924612_parte_CAJA MASTER.jpg,640,480
1,267,117,6,22,2000397036529_parte_CAJA MASTER.jpg,640,480
0,274,115,15,23,2000397036529_parte_CAJA MASTER.jpg,640,480
8,291,115,14,23,2000397036529_parte_CAJA MASTER.jpg,640,480
5,307,113,14,23,2000397036529_parte_CAJA MASTER.jpg,640,480
0,465,128,13,20,2000397161566_parte_CAJA MASTER.jpg,640,480
9,479,127,14,21,2000397161566_parte_CAJA MASTER.jpg,640,480
0,495,128,12,20,2000397161566_parte_CAJA MASTER.jpg,640,480
0,508,125,12,21,2000397161566_parte_CAJA MASTER.jpg,640,480
0,208,45,19,25,2000397380684_parte_CAJA MASTER.jpg,640,480
7,228,43,15,25,2000397380684_parte_CAJA MASTER.jpg,640,480
4,246,42,16,25,2000397380684_parte_CAJA MASTER.jpg,640,480
5,264,40,16,27,2000397380684_parte_CAJA MASTER.jpg,640,480
0,469,111,13,19,2000397416468_parte_CAJA MASTER.jpg,640,480
3,484,112,12,19,2000397416468_parte_CAJA MASTER.jpg,640,480
9,498,112,13,18,2000397416468_parte_CAJA MASTER.jpg,640,480
0,510,112,14,17,2000397416468_parte_CAJA MASTER.jpg,640,480
0,434,140,11,16,2000397500266_parte_CAJA MASTER.jpg,640,480
6,445,140,9,15,2000397500266_parte_CAJA MASTER.jpg,640,480
9,457,140,10,15,2000397500266_parte_CAJA MASTER.jpg,640,480
0,468,140,10,15,2000397500266_parte_CAJA MASTER.jpg,640,480
0,415,161,13,19,2000397743632_parte_CAJA MASTER.jpg,640,480
7,430,159,11,17,2000397743632_parte_CAJA MASTER.jpg,640,480
4,442,159,11,17,2000397743632_parte_CAJA MASTER.jpg,640,480
0,454,157,12,18,2000397743632_parte_CAJA MASTER.jpg,640,480
0,343,387,10,21,7800155257525_parte_Etiqueta.jpg,640,480
1,358,389,5,21,7800155257525_parte_Etiqueta.jpg,640,480
4,364,391,10,20,7800155257525_parte_Etiqueta.jpg,640,480
1,333,399,7,22,7807910028604_parte_Envase.jpg,640,480
1,343,399,6,20,7807910028604_parte_Envase.jpg,640,480
2,350,398,8,22,7807910028604_parte_Envase.jpg,640,480
8,359,398,10,22,7807910028604_parte_Envase.jpg,640,480
0,340,398,8,22,7807910028604_parte_Tapa.jpg,640,480
8,349,398,10,22,7807910028604_parte_Tapa.jpg,640,480
8,359,398,9,23,7807910028604_parte_Tapa.jpg,640,480
3,339,393,10,21,7807910030430_parte_Bolsa.jpg,640,480
1,352,396,6,18,7807910030430_parte_Bolsa.jpg,640,480
7,360,396,9,21,7807910030430_parte_Bolsa.jpg,640,480
0,339,392,9,24,7807910030430_parte_Lamina x8.jpg,640,480
7,349,395,10,21,7807910030430_parte_Lamina x8.jpg,640,480
4,359,395,9,20,7807910030430_parte_Lamina x8.jpg,640,480
3,334,384,11,21,7807910032687_parte_Envase.jpg,640,480
9,345,384,10,21,7807910032687_parte_Envase.jpg,640,480
9,354,386,11,20,7807910032687_parte_Envase.jpg,640,480
3,334,386,10,20,7807910036197_parte_Can.jpg,640,480
4,346,389,8,18,7807910036197_parte_Can.jpg,640,480
2,353,389,11,21,7807910036197_parte_Can.jpg,640,480
7,363,390,10,19,7807910036197_parte_Can.jpg,640,480
1,339,386,7,18,7807910036197_parte_Etiqueta.jpg,640,480
4,346,386,8,18,7807910036197_parte_Etiqueta.jpg,640,480
4,356,387,8,19,7807910036197_parte_Etiqueta.jpg,640,480
5,335,384,10,21,7807910036197_parte_Tapa.jpg,640,480
2,344,385,10,20,7807910036197_parte_Tapa.jpg,640,480
4,355,387,9,18,7807910036197_parte_Tapa.jpg,640,480
7,340,398,9,22,7807910036418_parte_Bolsa.jpg,640,480
9,350,398,8,22,7807910036418_parte_Bolsa.jpg,640,480
6,359,398,8,23,7807910036418_parte_Bolsa.jpg,640,480
8,329,399,9,22,7807910037989_parte_Lata.jpg,640,480
2,339,399,9,22,7807910037989_parte_Lata.jpg,640,480
3,349,399,9,22,7807910037989_parte_Lata.jpg,640,480
6,359,398,9,22,7807910037989_parte_Lata.jpg,640,480
7,340,399,9,21,7807910037989_parte_Tapa.jpg,640,480
9,349,399,10,22,7807910037989_parte_Tapa.jpg,640,480
2,358,398,10,22,7807910037989_parte_Tapa.jpg,640,480
2,339,398,12,21,7807910037989_parte_Valvula.jpg,640,480
1,354,399,5,21,7807910037989_parte_Valvula.jpg,640,480
4,359,399,8,20,7807910037989_parte_Valvula.jpg,640,480
5,325,382,11,21,7807910038887_parte_Can.jpg,640,480
3,335,383,11,20,7807910038887_parte_Can.jpg,640,480
0,344,384,12,21,7807910038887_parte_Can.jpg,640,480
3,354,386,11,20,7807910038887_parte_Can.jpg,640,480
2,338,390,11,21,7807910038887_parte_Etiqueta.jpg,640,480
2,348,391,11,21,7807910038887_parte_Etiqueta.jpg,640,480
8,358,392,11,21,7807910038887_parte_Etiqueta.jpg,640,480
6,333,384,12,20,7807910038887_parte_Tapa.jpg,640,480
7,346,385,10,20,7807910038887_parte_Tapa.jpg,640,480
1,357,387,9,19,7807910038887_parte_Tapa.jpg,640,480
2,277,231,28,42,accesorio pasador pvc piscina_parte_ventana plastica.jpg,640,480
2,296,236,29,42,accesorio pasador pvc piscina_parte_ventana plastica.jpg,640,480
0,316,240,28,43,accesorio pasador pvc piscina_parte_ventana plastica.jpg,640,480
0,409,232,14,31,accesorio pasador pvc pscina_parte_alarma.jpg,640,480
4,424,233,13,30,accesorio pasador pvc pscina_parte_alarma.jpg,640,480
0,439,234,12,31,accesorio pasador pvc pscina_parte_alarma.jpg,640,480
0,330,250,21,33,alguicida deep blue 1 kg_parte_sello.jpg,640,480
2,347,252,22,34,alguicida deep blue 1 kg_parte_sello.jpg,640,480
4,368,256,18,32,alguicida deep blue 1 kg_parte_sello.jpg,640,480
1,286,307,15,47,alguicida deep blue 1 kg_parte_sello tapa.jpg,640,480
3,299,307,25,50,alguicida deep blue 1 kg_parte_sello tapa.jpg,640,480
7,325,308,22,49,alguicida deep blue 1 kg_parte_sello tapa.jpg,640,480
1,451,327,21,49,caja plegable_parte_etiqueta.jpg,640,480
4,473,329,27,50,caja plegable_parte_etiqueta.jpg,640,480
2,493,330,33,57,caja plegable_parte_etiqueta.jpg,640,480
2,264,267,45,53,caja plegable_parte_strap x1.jpg,640,480
2,289,274,44,55,caja plegable_parte_strap x1.jpg,640,480
2,316,281,44,55,caja plegable_parte_strap x1.jpg,640,480
0,170,273,53,49,cama mascota_parte_etiqueta.jpg,640,480
9,195,282,50,51,cama mascota_parte_etiqueta.jpg,640,480
1,231,295,39,50,cama mascota_parte_etiqueta.jpg,640,480
0,247,269,29,35,cama mascota_parte_plastiflecha.jpg,640,480
0,263,274,30,36,cama mascota_parte_plastiflecha.jpg,640,480
0,279,279,30,36,cama mascota_parte_plastiflecha.jpg,640,480
0,155,370,42,45,cama mascota_parte_scotch.jpg,640,480
1,184,381,31,42,cama mascota_parte_scotch.jpg,640,480
5,191,384,42,47,cama mascota_parte_scotch.jpg,640,480
0,405,336,18,50,canasto organizador esquinero_parte_straps x3.jpg,640,480
2,425,337,23,51,canasto organizador esquinero_parte_straps x3.jpg,640,480
0,449,339,22,48,canasto organizador esquinero_parte_straps x3.jpg,640,480
2,190,306,32,48,canasto organizador esquinero_parte_tapas.jpg,640,480
0,212,310,32,47,canasto organizador esquinero_parte_tapas.jpg,640,480
8,235,312,32,49,canasto organizador esquinero_parte_tapas.jpg,640,480
0,319,152,24,47,canasto organizador rectangular_parte_strap.jpg,640,480
2,340,153,25,46,canasto organizador rectangular_parte_strap.jpg,640,480
2,363,154,24,47,canasto organizador rectangular_parte_strap.jpg,640,480
1,335,238,14,37,canasto organizador rectangular_parte_tapa chupones.jpg,640,480
9,346,239,23,40,canasto organizador rectangular_parte_tapa chupones.jpg,640,480
7,369,240,20,41,canasto organizador rectangular_parte_tapa chupones.jpg,640,480
1,323,322,17,48,CASTILLO INFLABLE BOUNCETASTIC_parte_BOLSA DE ESTACAS.jpg,640,480
2,335,321,26,53,CASTILLO INFLABLE BOUNCETASTIC_parte_BOLSA DE ESTACAS.jpg,640,480
5,360,325,26,51,CASTILLO INFLABLE BOUNCETASTIC_parte_BOLSA DE ESTACAS.jpg,640,480
1,327,317,16,41,CASTILLO INFLABLE BOUNCETASTIC_parte_PARCHE.jpg,640,480
0,336,319,26,41,CASTILLO INFLABLE BOUNCETASTIC_parte_PARCHE.jpg,640,480
8,355,322,27,42,CASTILLO INFLABLE BOUNCETASTIC_parte_PARCHE.jpg,640,480
0,290,249,45,43,CASTILLO INFLABLE BOUNCETASTIC_parte_PARCHE OK.jpg,640,480
5,310,260,45,50,CASTILLO INFLABLE BOUNCETASTIC_parte_PARCHE OK.jpg,640,480
8,328,271,48,52,CASTILLO INFLABLE BOUNCETASTIC_parte_PARCHE OK.jpg,640,480
0,336,150,12,17,CENTRO DE JUEGOS INTEX_parte_CAJA.jpg,640,480
3,349,151,12,17,CENTRO DE JUEGOS INTEX_parte_CAJA.jpg,640,480
7,366,150,10,18,CENTRO DE JUEGOS INTEX_parte_CAJA.jpg,640,480
0,376,150,13,18,CENTRO DE JUEGOS INTEX_parte_CAJA.jpg,640,480
0,261,292,40,53,CENTRO DE JUEGOS INTEX_parte_PARCHE.jpg,640,480
3,283,302,40,57,CENTRO DE JUEGOS INTEX_parte_PARCHE.jpg,640,480
6,304,312,44,57,CENTRO DE JUEGOS INTEX_parte_PARCHE.jpg,640,480
0,288,412,25,46,CENTRO DE JUEGOS INTEX_parte_SCOTCH.jpg,640,480
7,314,415,18,45,CENTRO DE JUEGOS INTEX_parte_SCOTCH.jpg,640,480
4,334,418,18,42,CENTRO DE JUEGOS INTEX_parte_SCOTCH.jpg,640,480
2,383,348,17,37,kit acceso 5 en 1_parte_bolsa grande.jpg,640,480
4,401,346,15,37,kit acceso 5 en 1_parte_bolsa grande.jpg,640,480
2,418,344,14,39,kit acceso 5 en 1_parte_bolsa grande.jpg,640,480
0,196,290,44,47,kit acceso 5 en 1_parte_bolsa peque1.jpg,640,480
1,230,300,28,45,kit acceso 5 en 1_parte_bolsa peque1.jpg,640,480
1,254,304,26,47,kit acceso 5 en 1_parte_bolsa peque1.jpg,640,480
0,427,254,19,33,kit acceso 5 en 1_parte_bolsa peque2.jpg,640,480
2,445,253,16,34,kit acceso 5 en 1_parte_bolsa peque2.jpg,640,480
9,460,251,19,34,kit acceso 5 en 1_parte_bolsa peque2.jpg,640,480
0,142,227,38,39,kit acceso 5 en 1_parte_bolsa ziplock1.jpg,640,480
2,160,233,39,41,kit acceso 5 en 1_parte_bolsa ziplock1.jpg,640,480
3,179,240,39,42,kit acceso 5 en 1_parte_bolsa ziplock1.jpg,640,480
0,107,324,50,50,kit acceso 5 en 1_parte_bolsa ziplock2.jpg,640,480
4,145,331,32,52,kit acceso 5 en 1_parte_bolsa ziplock2.jpg,640,480
0,154,338,48,53,kit acceso 5 en 1_parte_bolsa ziplock2.jpg,640,480
2,179,269,36,54,kit acceso 5 en 1_parte_contenedor tornillos.jpg,640,480
1,218,277,22,50,kit acceso 5 en 1_parte_contenedor tornillos.jpg,640,480
7,239,278,27,53,kit acceso 5 en 1_parte_contenedor tornillos.jpg,640,480
1,208,299,21,27,kit acceso 5 en 1_parte_envase.jpg,640,480
0,215,300,28,27,kit acceso 5 en 1_parte_envase.jpg,640,480
3,230,302,29,31,kit acceso 5 en 1_parte_envase.jpg,640,480
0,245,306,27,29,kit acceso 5 en 1_parte_envase.jpg,640,480
0,260,311,27,30,kit acceso 5 en 1_parte_envase.jpg,640,480
0,297,326,43,57,kit acceso 5 en 1_parte_etiqueta.jpg,640,480
1,338,336,26,57,kit acceso 5 en 1_parte_etiqueta.jpg,640,480
8,351,340,42,61,kit acceso 5 en 1_parte_etiqueta.jpg,640,480
1,245,403,23,41,kit acceso 5 en 1_parte_scotch.jpg,640,480
0,253,405,33,44,kit acceso 5 en 1_parte_scotch.jpg,640,480
7,284,411,21,44,kit acceso 5 en 1_parte_scotch.jpg,640,480
0,99,161,30,37,kit repuesto test ph cloro_parte_alarma.jpg,640,480
4,127,166,19,33,kit repuesto test ph cloro_parte_alarma.jpg,640,480
6,134,169,29,35,kit repuesto test ph cloro_parte_alarma.jpg,640,480
2,153,173,41,36,kit repuesto test ph cloro_parte_cubierta plastica.jpg,640,480
7,181,179,25,38,kit repuesto test ph cloro_parte_cubierta plastica.jpg,640,480
2,187,186,38,38,kit repuesto test ph cloro_parte_cubierta plastica.jpg,640,480
0,316,208,11,28,kit repuesto test ph cloro_parte_etiqueta x2.jpg,640,480
2,329,208,11,28,kit repuesto test ph cloro_parte_etiqueta x2.jpg,640,480
7,341,206,13,27,kit repuesto test ph cloro_parte_etiqueta x2.jpg,640,480
0,381,192,14,29,kit repuesto test ph cloro_parte_gotario x2.jpg,640,480
4,397,192,12,30,kit repuesto test ph cloro_parte_gotario x2.jpg,640,480
1,418,194,7,29,kit repuesto test ph cloro_parte_gotario x2.jpg,640,480
2,367,291,15,30,kit repuesto test ph cloro_parte_tapa amarilla.jpg,640,480
5,383,290,13,32,kit repuesto test ph cloro_parte_tapa amarilla.jpg,640,480
7,396,289,14,31,kit repuesto test ph cloro_parte_tapa amarilla.jpg,640,480
1,87,275,30,44,kit repuesto test ph cloro_parte_tapa roja.jpg,640,480
6,95,279,42,46,kit repuesto test ph cloro_parte_tapa roja.jpg,640,480
4,128,286,31,47,kit repuesto test ph cloro_parte_tapa roja.jpg,640,480
0,371,286,17,26,KIT TEST PH CLORO_parte_ALARMA.jpg,640,480
4,387,288,12,26,KIT TEST PH CLORO_parte_ALARMA.jpg,640,480
3,397,292,14,25,KIT TEST PH CLORO_parte_ALARMA.jpg,640,480
2,348,242,16,24,KIT TEST PH CLORO_parte_INSTRUCTIVO.jpg,640,480
2,360,244,13,23,KIT TEST PH CLORO_parte_INSTRUCTIVO.jpg,640,480
4,374,247,9,22,KIT TEST PH CLORO_parte_INSTRUCTIVO.jpg,640,480
0,126,226,42,54,KIT TEST PH CLORO_parte_STICKER ESTUCHE.jpg,640,480
5,147,235,44,58,KIT TEST PH CLORO_parte_STICKER ESTUCHE.jpg,640,480
8,166,247,45,57,KIT TEST PH CLORO_parte_STICKER ESTUCHE.jpg,640,480
0,250,405,48,53,lentes de seguridad_parte_alarma pequenia.jpg,640,480
4,289,412,32,53,lentes de seguridad_parte_alarma pequenia.jpg,640,480
2,301,418,45,54,lentes de seguridad_parte_alarma pequenia.jpg,640,480
2,165,216,46,47,lentes de seguridad_parte_etiq.jpg,640,480
2,187,224,41,45,lentes de seguridad_parte_etiq.jpg,640,480
1,217,235,29,41,lentes de seguridad_parte_etiq.jpg,640,480
0,281,261,45,45,peluche los flow_parte_strap.jpg,640,480
7,313,269,33,45,peluche los flow_parte_strap.jpg,640,480
0,321,278,42,46,peluche los flow_parte_strap.jpg,640,480
1,427,315,8,35,piscina de bolas amigos animales_parte_VENTANA PLASTICA.jpg,640,480
5,436,312,15,38,piscina de bolas amigos animales_parte_VENTANA PLASTICA.jpg,640,480
8,452,313,14,38,piscina de bolas amigos animales_parte_VENTANA PLASTICA.jpg,640,480
1,338,247,13,28,PISCINA DE BOLAS COCHE DE CARRERAS_parte_VENTANA PLASTICA.jpg,640,480
9,348,248,18,32,PISCINA DE BOLAS COCHE DE CARRERAS_parte_VENTANA PLASTICA.jpg,640,480
9,364,250,16,31,PISCINA DE BOLAS COCHE DE CARRERAS_parte_VENTANA PLASTICA.jpg,640,480
0,329,147,14,20,PISCINA JUEGO BALONCESTO_parte_CAJA.jpg,640,480
5,345,147,12,20,PISCINA JUEGO BALONCESTO_parte_CAJA.jpg,640,480
5,360,148,13,20,PISCINA JUEGO BALONCESTO_parte_CAJA.jpg,640,480
0,374,150,14,18,PISCINA JUEGO BALONCESTO_parte_CAJA.jpg,640,480
0,426,292,14,29,PISCINA JUEGO BALONCESTO_parte_PARCHE.jpg,640,480
5,439,292,14,28,PISCINA JUEGO BALONCESTO_parte_PARCHE.jpg,640,480
8,455,291,15,30,PISCINA JUEGO BALONCESTO_parte_PARCHE.jpg,640,480
0,295,36,14,23,PISCINA RECTANGULAR CELESTE_parte_CAJA.jpg,640,480
2,312,34,15,24,PISCINA RECTANGULAR CELESTE_parte_CAJA.jpg,640,480
8,330,35,15,24,PISCINA RECTANGULAR CELESTE_parte_CAJA.jpg,640,480
5,347,35,12,24,PISCINA RECTANGULAR CELESTE_parte_CAJA.jpg,640,480
0,152,335,40,43,PISCINA RECTANGULAR CELESTE_parte_PARCHE.jpg,640,480
6,166,346,42,41,PISCINA RECTANGULAR CELESTE_parte_PARCHE.jpg,640,480
0,180,357,42,42,PISCINA RECTANGULAR CELESTE_parte_PARCHE.jpg,640,480
0,217,288,27,38,PISTA DESLIZANTE INDIVIDUAL_parte_BOLSA ZIPLOCK.jpg,640,480
8,234,291,27,41,PISTA DESLIZANTE INDIVIDUAL_parte_BOLSA ZIPLOCK.jpg,640,480
4,259,296,17,39,PISTA DESLIZANTE INDIVIDUAL_parte_BOLSA ZIPLOCK.jpg,640,480
0,328,316,31,48,plantillas gel_parte_alarma pequena.jpg,640,480
4,356,322,24,44,plantillas gel_parte_alarma pequena.jpg,640,480
1,380,327,21,42,plantillas gel_parte_alarma pequena.jpg,640,480
8,333,55,13,23,SALTADOR BOUNCESATIONAL_parte_BOMBA.jpg,640,480
4,347,54,11,22,SALTADOR BOUNCESATIONAL_parte_BOMBA.jpg,640,480
5,358,53,11,23,SALTADOR BOUNCESATIONAL_parte_BOMBA.jpg,640,480
0,368,51,12,22,SALTADOR BOUNCESATIONAL_parte_BOMBA.jpg,640,480
1,248,198,6,14,SALTADOR BOUNCESATIONAL_parte_CAJA.jpg,640,480
2,254,197,13,17,SALTADOR BOUNCESATIONAL_parte_CAJA.jpg,640,480
0,268,197,12,16,SALTADOR BOUNCESATIONAL_parte_CAJA.jpg,640,480
0,280,196,13,17,SALTADOR BOUNCESATIONAL_parte_CAJA.jpg,640,480
9,362,130,13,22,SALTADOR BOUNCETOPIA_parte_BOMBA.jpg,640,480
8,376,130,15,24,SALTADOR BOUNCETOPIA_parte_BOMBA.jpg,640,480
0,391,131,15,23,SALTADOR BOUNCETOPIA_parte_BOMBA.jpg,640,480
0,404,132,15,23,SALTADOR BOUNCETOPIA_parte_BOMBA.jpg,640,480
0,303,230,11,16,SALTADOR JUMPTACULAR_parte_CAJA.jpg,640,480
8,315,230,10,16,SALTADOR JUMPTACULAR_parte_CAJA.jpg,640,480
0,326,231,10,15,SALTADOR JUMPTACULAR_parte_CAJA.jpg,640,480
0,336,230,10,16,SALTADOR JUMPTACULAR_parte_CAJA.jpg,640,480
2,330,317,29,44,SALTADOR JUMPTACULAR_parte_VENTANA PLASTICA.jpg,640,480
0,348,320,30,43,SALTADOR JUMPTACULAR_parte_VENTANA PLASTICA.jpg,640,480
4,378,324,21,44,SALTADOR JUMPTACULAR_parte_VENTANA PLASTICA.jpg,640,480
0,374,296,10,16,TOBOGAN DOBLE_parte_BOLSA.jpg,640,480
8,385,295,10,16,TOBOGAN DOBLE_parte_BOLSA.jpg,640,480
0,394,296,10,17,TOBOGAN DOBLE_parte_BOLSA.jpg,640,480
1,295,271,20,33,TOBOGAN DOBLE_parte_BOLSA ESTACAS.jpg,640,480
6,303,272,27,37,TOBOGAN DOBLE_parte_BOLSA ESTACAS.jpg,640,480
0,320,274,27,38,TOBOGAN DOBLE_parte_BOLSA ESTACAS.jpg,640,480
0,308,69,13,17,TOBOGAN DOBLE_parte_CAJA.jpg,640,480
1,329,71,7,17,TOBOGAN DOBLE_parte_CAJA.jpg,640,480
9,337,71,13,19,TOBOGAN DOBLE_parte_CAJA.jpg,640,480
5,351,72,11,19,TOBOGAN DOBLE_parte_CAJA.jpg,640,480
0,379,276,13,19,TOBOGAN DOBLE_parte_PARCHE.jpg,640,480
3,390,276,12,19,TOBOGAN DOBLE_parte_PARCHE.jpg,640,480
4,403,277,10,18,TOBOGAN DOBLE_parte_PARCHE.jpg,640,480
2,336,392,17,39,r22.png,640,480
6,354,393,21,37,r22.png,640,480
0,374,394,20,37,r22.png,640,480
9,395,395,19,37,r22.png,640,480
5,413,395,20,39,r22.png,640,480
1,357,376,8,36,r43.png,640,480
3,365,374,20,39,r43.png,640,480
8,383,375,22,38,r43.png,640,480
1,284,306,6,19,r65.png,640,480
5,291,305,9,21,r65.png,640,480
8,300,303,10,22,r65.png,640,480
2,311,302,10,23,r65.png,640,480
3,364,418,22,40,r121.png,640,480
9,384,420,22,40,r121.png,640,480
7,407,420,20,38,r121.png,640,480
2,276,260,31,29,r124.png,640,480
8,288,268,30,30,r124.png,640,480
4,305,276,23,30,r124.png,640,480
9,310,283,30,32,r124.png,640,480
8,397,347,19,43,r130.png,640,480
5,417,348,17,42,r130.png,640,480
8,435,347,19,42,r130.png,640,480
1,287,186,9,24,r136.png,640,480
9,296,182,10,27,r136.png,640,480
8,306,180,11,27,r136.png,640,480
4,342,325,13,23,r137.png,640,480
1,360,323,6,24,r137.png,640,480
9,366,321,11,26,r137.png,640,480
1,384,322,6,23,r137.png,640,480
1,342,375,9,34,r139.png,640,480
7,353,374,16,36,r139.png,640,480
9,371,374,19,37,r139.png,640,480
6,389,374,20,36,r139.png,640,480
9,287,299,12,27,r145.png,640,480
2,299,298,12,27,r145.png,640,480
8,312,298,12,27,r145.png,640,480
2,291,297,12,28,r153.png,640,480
6,303,296,13,28,r153.png,640,480
5,317,295,12,30,r153.png,640,480
8,329,296,12,28,r153.png,640,480
3,397,340,16,46,r155.png,640,480
9,416,339,16,44,r155.png,640,480
6,434,338,15,43,r155.png,640,480
3,388,384,19,39,r178.png,640,480
8,405,384,22,39,r178.png,640,480
8,424,386,22,38,r178.png,640,480
2,241,240,34,33,r186.png,640,480
3,254,251,33,36,r186.png,640,480
9,265,261,34,35,r186.png,640,480
9,278,272,35,36,r186.png,640,480
8,460,403,17,38,r193.png,640,480
8,479,402,20,39,r193.png,640,480
3,499,402,18,39,r193.png,640,480
2,353,414,19,41,r197.png,640,480
8,371,415,22,39,r197.png,640,480
9,392,415,19,39,r197.png,640,480
3,411,417,20,38,r197.png,640,480
1,338,377,7,35,r200.png,640,480
0,345,376,20,37,r200.png,640,480
9,365,375,21,38,r200.png,640,480
6,384,376,19,37,r200.png,640,480
1,324,307,5,19,r213.png,640,480
0,329,305,11,20,r213.png,640,480
3,340,305,10,20,r213.png,640,480
4,350,304,10,20,r213.png,640,480
3,256,315,33,34,r219.png,640,480
2,268,325,35,35,r219.png,640,480
5,282,335,33,36,r219.png,640,480
9,294,346,34,36,r219.png,640,480
9,284,325,33,36,r229.png,640,480
7,305,335,25,36,r229.png,640,480
2,309,346,36,37,r229.png,640,480
4,297,294,11,20,r242.png,640,480
4,307,294,10,20,r242.png,640,480
9,318,293,10,21,r242.png,640,480
6,329,396,19,38,r246.png,640,480
5,350,398,19,37,r246.png,640,480
5,369,399,20,37,r246.png,640,480
5,388,400,21,37,r246.png,640,480
5,303,309,11,27,r258.png,640,480
7,316,309,11,27,r258.png,640,480
3,329,308,10,27,r258.png,640,480
4,420,351,18,35,r265.png,640,480
5,439,350,18,37,r265.png,640,480
1,468,352,9,34,r265.png,640,480
3,291,309,10,28,r269.png,640,480
2,303,310,10,27,r269.png,640,480
9,316,309,10,27,r269.png,640,480
7,329,310,11,25,r269.png,640,480
8,350,403,20,38,r271.png,640,480
5,370,403,20,39,r271.png,640,480
5,391,402,19,40,r271.png,640,480
6,277,326,20,44,r330.png,640,480
5,297,323,18,45,r330.png,640,480
5,315,318,18,46,r330.png,640,480
8,282,325,33,37,r335.png,640,480
7,306,332,23,41,r335.png,640,480
7,324,341,23,38,r335.png,640,480
8,316,281,9,21,r338.png,640,480
2,326,282,10,20,r338.png,640,480
8,338,282,9,19,r338.png,640,480
4,348,281,10,19,r338.png,640,480
5,282,184,13,28,r339.png,640,480
3,296,182,10,27,r339.png,640,480
9,307,180,11,27,r339.png,640,480
4,361,410,18,37,r350.png,640,480
2,379,410,21,37,r350.png,640,480
8,400,410,20,39,r350.png,640,480
6,379,350,18,43,r352.png,640,480
5,399,348,18,44,r352.png,640,480
4,419,349,15,42,r352.png,640,480
3,437,347,16,45,r352.png,640,480
4,295,290,12,26,r357.png,640,480
7,309,289,11,26,r357.png,640,480
9,321,290,12,29,r357.png,640,480
1,303,259,6,23,r362.png,640,480
0,310,259,13,27,r362.png,640,480
0,322,260,13,26,r362.png,640,480
8,335,260,13,27,r362.png,640,480
9,348,261,12,26,r362.png,640,480
6,360,344,16,44,r363.png,640,480
9,379,343,17,44,r363.png,640,480
2,398,342,15,44,r363.png,640,480
1,425,341,9,39,r363.png,640,480
2,324,319,12,21,r370.png,640,480
1,340,319,6,19,r370.png,640,480
6,347,318,9,21,r370.png,640,480
8,357,317,10,22,r370.png,640,480
6,367,318,10,22,r370.png,640,480
2,270,288,16,29,r371.png,640,480
1,290,290,8,26,r371.png,640,480
2,297,288,13,28,r371.png,640,480
9,310,288,11,29,r371.png,640,480
5,323,289,13,29,r371.png,640,480
9,435,293,13,33,r372.png,640,480
8,449,292,13,32,r372.png,640,480
2,465,291,12,32,r372.png,640,480
3,333,308,11,29,r373.png,640,480
7,345,310,13,24,r373.png,640,480
7,358,310,12,26,r373.png,640,480
0,328,404,22,38,r374.png,640,480
6,349,405,20,38,r374.png,640,480
7,371,407,20,38,r374.png,640,480
8,342,406,21,39,r375.png,640,480
5,363,407,19,38,r375.png,640,480
6,382,408,20,37,r375.png,640,480
4,283,304,11,21,r380.png,640,480
5,294,304,10,21,r380.png,640,480
8,305,303,11,21,r380.png,640,480
5,283,327,31,37,r384.png,640,480
3,299,334,33,38,r384.png,640,480
1,322,346,23,32,r384.png,640,480
5,303,202,9,22,r388.png,640,480
7,314,202,9,20,r388.png,640,480
1,328,204,6,19,r388.png,640,480
0,278,326,19,46,r389.png,640,480
2,297,323,16,44,r389.png,640,480
3,315,319,18,43,r389.png,640,480
2,424,255,15,27,r393.png,640,480
2,439,255,11,27,r393.png,640,480
4,453,255,12,24,r393.png,640,480
6,376,386,24,35,r394.png,640,480
1,405,391,12,35,r394.png,640,480
1,423,393,13,33,r394.png,640,480
0,406,352,14,33,r399.png,640,480
7,420,351,13,30,r399.png,640,480
3,435,349,11,33,r399.png,640,480
4,391,390,17,35,r400.png,640,480
2,408,389,20,37,r400.png,640,480
0,427,390,21,37,r400.png,640,480
3,354,393,23,36,r401.png,640,480
5,373,397,22,34,r401.png,640,480
9,392,400,23,35,r401.png,640,480
4,238,315,27,39,r405.png,640,480
2,245,326,37,37,r405.png,640,480
4,267,336,27,39,r405.png,640,480
5,326,282,11,21,r409.png,640,480
4,337,282,11,20,r409.png,640,480
1,352,281,6,19,r409.png,640,480
